{
    "sampled_epochs": [
        5,
        10,
        15,
        20,
        25,
        30,
        35,
        40
    ],
    "losses_train": [
        0.967201296692448,
        0.1495525982896132,
        0.05583574589441664,
        0.02581297696285349,
        0.011795961737100567,
        0.007874881815639258,
        0.004891890572201061,
        0.003496479856039514,
        0.002232475649985385,
        0.0019878400495924454,
        0.001795000086453261,
        0.001405711469383927,
        0.001323083379689446,
        0.002320508488420663,
        0.012564514967016294,
        0.03656621966739684,
        0.04828689301295006,
        0.015883216283483697,
        0.0062309702256503185,
        0.0038432576524688295,
        0.00190278477623776,
        0.0014183341781972558,
        0.0011157950910793651,
        0.0008565761220130038,
        0.0009142231042980191,
        0.0025979847646859914,
        0.002018644693362148,
        0.001777264977863524,
        0.0013579107355976053,
        0.001010251277018272,
        0.0007219653632221577,
        0.0011736608105430994,
        0.0015716218715429672,
        0.0018512831190491852,
        0.0024010634098626076,
        0.004126810449945749,
        0.00845026821500921,
        0.011258186195534238,
        0.009241396621447556,
        0.006407506594717103
    ],
    "losses_dev": [
        0.12524838083412587,
        0.12351144835193982,
        0.13265083994187918,
        0.15372572440179602,
        0.16101033057901307,
        0.15699474894265425,
        0.1640098985826265,
        0.18148274559645494
    ]
}