{
    "sampled_epochs": [
        5,
        10,
        15,
        20,
        25,
        30
    ],
    "losses_train": [
        1.2285958451884134,
        0.3707023499799626,
        0.19572336860001088,
        0.14542139820488437,
        0.10861359424889087,
        0.08393550736031362,
        0.057956773714561545,
        0.04415718166024557,
        0.0404955324716866,
        0.056220630097336,
        0.052604789499725614,
        0.030908873377900038,
        0.028029277761067662,
        0.04062785671558231,
        0.033143991680948864,
        0.024261514616331883,
        0.03045911876750844,
        0.06872014640331535,
        0.11050233715213835,
        0.10977490709296295,
        0.11014603392354079,
        0.0993483115320227,
        0.10173278570042125,
        0.06646033254718142,
        0.048498042287038905,
        0.03159884293729972,
        0.02085790294555149,
        0.016584016567295683,
        0.009837606903082425,
        0.005825953917311771
    ],
    "losses_dev": [
        0.3727339507313445,
        0.3671171920723282,
        0.31958382863376755,
        0.47808448487194255,
        0.4742290910508018,
        0.4636942023134907
    ]
}