{
    "sampled_epochs": [
        5,
        10,
        15,
        20,
        25,
        30,
        35,
        40,
        45,
        50,
        55,
        60,
        65,
        70,
        75,
        80,
        85,
        90,
        95,
        100,
        105,
        110,
        115,
        120,
        125,
        130,
        135,
        140
    ],
    "losses_train": [
        7.797775425229754,
        4.7544809307370866,
        3.3527979748589654,
        3.0556416511535645,
        2.8098994391305108,
        2.5726786306926184,
        2.345628912108285,
        2.13881322656359,
        1.9574653727667672,
        1.7993842584746225,
        1.663733458518982,
        1.54544609274183,
        1.4378071648733957,
        1.3443944845880782,
        1.259350836277008,
        1.1816769182682036,
        1.1125438119683946,
        1.0508918941020966,
        0.994182322706495,
        0.9451522580214909,
        0.8946442552975246,
        0.8504317939281464,
        0.8079633602074214,
        0.7685672879219055,
        0.7313059227807182,
        0.6946345848696572,
        0.6600512649331775,
        0.6274705235447202,
        0.5974058487585613,
        0.5685581564903259,
        0.5400850806917463,
        0.5143155229943139,
        0.48972155196326117,
        0.4679168594735009,
        0.4482954289231982,
        0.43429243436881476,
        0.41165036303656444,
        0.3926161915063858,
        0.38466038895504817,
        0.3621642845017569,
        0.3469375938177109,
        0.332618148624897,
        0.31910063305071423,
        0.3065462291240692,
        0.29549228016819273,
        0.28465453535318375,
        0.27343944630452566,
        0.262625509926251,
        0.252647793505873,
        0.24370745228869575,
        0.23573417322976248,
        0.22749989479780197,
        0.21810724628823144,
        0.20951611389006888,
        0.20140410353030477,
        0.19444414185626166,
        0.18739183215158325,
        0.18134550665106092,
        0.17459682992526462,
        0.16807727217674256,
        0.16164759578449386,
        0.15604530019419535,
        0.1506822747843606,
        0.14520400868994848,
        0.1400653101503849,
        0.13500856224979674,
        0.1304223188332149,
        0.12584157016660485,
        0.12142034662621362,
        0.11695967518857547,
        0.11306886364306723,
        0.10926264950207301,
        0.10551134587398597,
        0.10150846524962358,
        0.09816237459225315,
        0.09470924671207155,
        0.09165243415960243,
        0.09560235163995198,
        0.08903832754918507,
        0.0844316548534802,
        0.0843572845948594,
        0.07858862493719374,
        0.0757041335105896,
        0.07328606748155185,
        0.0708632861397096,
        0.06873527419354235,
        0.06659378324236188,
        0.06456611582211086,
        0.06255725824407168,
        0.06080199980310031,
        0.058801291350807465,
        0.05719783026725054,
        0.055472222422914844,
        0.05365204454532691,
        0.052212265213685376,
        0.050415375456213954,
        0.04910193591245583,
        0.047450937038021425,
        0.0462785258357014,
        0.04479710310697556,
        0.04339172589991774,
        0.0421337028965354,
        0.04086658198918615,
        0.03962843096149819,
        0.03848574286592858,
        0.037337891730879036,
        0.03611205655283162,
        0.03499801989112582,
        0.03397357282893998,
        0.03297428462122168,
        0.031860300486109085,
        0.030999501674835173,
        0.03008856363594532,
        0.029129876981356315,
        0.02822957154629486,
        0.02736250183412007,
        0.026606832551104683,
        0.025812473494027342,
        0.02499292813507574,
        0.024157761888844626,
        0.02356325602158904,
        0.022801086546054908,
        0.022106538187446338,
        0.021469294945044178,
        0.020808200471635376,
        0.020186418321515832,
        0.019538717810064554,
        0.01897932237812451,
        0.01843273605752204,
        0.01791609948767083,
        0.017374538763293198,
        0.016867657684321913,
        0.01635765606271369,
        0.015801520885101387,
        0.01663380249270371,
        0.016130167951009102,
        0.015262431052646467,
        0.02105037544720939,
        0.018627327481018644,
        0.017647362553647586
    ],
    "losses_dev": [
        2.725565478205681,
        1.7786239311099052,
        1.288050390779972,
        1.0001322217285633,
        0.8018439188599586,
        0.65895576775074,
        0.5597862862050533,
        0.4714891891926527,
        0.4215587554499507,
        0.37922751158475876,
        0.3407557113096118,
        0.30979069136083126,
        0.2881105914711952,
        0.2682845718227327,
        0.2521894830279052,
        0.2461204333230853,
        0.21766344900242984,
        0.208094734698534,
        0.2027307078242302,
        0.19586407812312245,
        0.19111335719935596,
        0.19156422617379576,
        0.19074849784374237,
        0.1847767635481432,
        0.18408739333972335,
        0.1973089245148003,
        0.18560894893016666,
        0.19634955236688256
    ]
}