{
    "sampled_epochs": [
        5,
        10,
        15,
        20,
        25,
        30,
        35,
        40,
        45,
        50,
        55
    ],
    "losses_train": [
        3.8319145100457326,
        1.7325132131576537,
        1.104770233801433,
        0.7803968855312893,
        0.5964279438768114,
        0.48111770578793117,
        0.37824833733694896,
        0.30224592430250985,
        0.2435030277286257,
        0.19463847130537032,
        0.1586666002869606,
        0.1310057598565306,
        0.111446302863104,
        0.12250339665583201,
        0.0925725915070091,
        0.07241578916353839,
        0.06096630346562181,
        0.052870263957551546,
        0.046596271358430384,
        0.04125715800161873,
        0.03667752984911203,
        0.03328579589724541,
        0.029954533505120447,
        0.027262507645147187,
        0.02497072218518172,
        0.02262197057051318,
        0.021004887896456888,
        0.01917912574218852,
        0.01751023000771446,
        0.016323144753862706,
        0.01519247524972473,
        0.013937419559806586,
        0.012987598776817322,
        0.012163183385772365,
        0.01124069094657898,
        0.010603281469749553,
        0.010034425789490342,
        0.00933864247719092,
        0.008919194739844118,
        0.00819151462720973,
        0.007802445837296545,
        0.0074152162198775585,
        0.007025580211276455,
        0.006682455113955907,
        0.006271764785716576,
        0.006039291034851756,
        0.005748146127111145,
        0.005504144748140659,
        0.005278300740090864,
        0.005060781866112458,
        0.004810077317857316,
        0.00465702039655298,
        0.004562008627025145,
        0.06281145896563041,
        0.043547360732087065
    ],
    "losses_dev": [
        0.6157607361674309,
        0.3123905938118696,
        0.22350914147682488,
        0.21331700286827981,
        0.20822687004692852,
        0.20904730539768934,
        0.2086258252384141,
        0.20886271027848125,
        0.21369650249835104,
        0.21655482077039778,
        0.23058469453826547
    ]
}