{
    "sampled_epochs": [
        5,
        10,
        15,
        20,
        25,
        30,
        35,
        40,
        45,
        50
    ],
    "losses_train": [
        3.840404176712036,
        1.700129999433245,
        1.0385411424296243,
        0.7263573233570372,
        0.5389459030968803,
        0.4169686987996101,
        0.3143552399107388,
        0.2464372313448361,
        0.19850813427141734,
        0.16720489476408276,
        0.13888355951224055,
        0.11217173742396491,
        0.09480163987193789,
        0.08016627452203205,
        0.06879397242196969,
        0.05907581653445959,
        0.051176415170942034,
        0.04553194772452116,
        0.03965413666197232,
        0.035236827190965415,
        0.031538788774716005,
        0.028123257242675337,
        0.02530373241752386,
        0.022775052288281066,
        0.020681455079466105,
        0.018759497494569847,
        0.01712881683238915,
        0.015742444074047464,
        0.01462095148329224,
        0.013819433662242123,
        0.01260907731817237,
        0.011487367363380534,
        0.010888720330383097,
        0.010039780295587011,
        0.009382919491534787,
        0.008722250695739474,
        0.008292303420603275,
        0.007870853073628885,
        0.007479683053679765,
        0.007221964427403041,
        0.006753070725660239,
        0.006452759342002017,
        0.006108221790886351,
        0.005809095262416772,
        0.005463512228535754,
        0.005180895469883191,
        0.005030195764265955,
        0.004832178966275283,
        0.004602306264652205,
        0.03865887906701703
    ],
    "losses_dev": [
        0.5878142826259136,
        0.29297068901360035,
        0.1867217211984098,
        0.16830913862213492,
        0.16066012147348374,
        0.15575596829876304,
        0.15446285193320364,
        0.16121825366280973,
        0.1635480932891369,
        0.3316081897355616
    ]
}