{
    "sampled_epochs": [
        5,
        10,
        15,
        20,
        25,
        30,
        35,
        40,
        45,
        50,
        55,
        60
    ],
    "losses_train": [
        3.3041276114327567,
        1.099330575125558,
        0.581713558094842,
        0.35238671430519647,
        0.21816595665046146,
        0.14233874210289546,
        0.10056368240288326,
        0.07310103688921248,
        0.06428468536053385,
        0.06857321869049754,
        0.04202384533626693,
        0.030212493240833284,
        0.023702135469232288,
        0.019904941639729907,
        0.01679933656539236,
        0.01440860860581909,
        0.012510725922350372,
        0.011186569649726152,
        0.010064288840762206,
        0.008959577551909856,
        0.008131482691637108,
        0.0075222925948245185,
        0.006883552071771451,
        0.006313628863011088,
        0.005977771391293832,
        0.0056172911210783895,
        0.005112390127032995,
        0.004827416082844138,
        0.004500951538128513,
        0.004363185998850635,
        0.004160194345084685,
        0.003962906716125352,
        0.0037579207880688564,
        0.003528584958985448,
        0.0034881677012890576,
        0.0034415991245103734,
        0.0033100696679736886,
        0.0031540123845583625,
        0.0031061488669365646,
        0.002960624233154314,
        0.002822909547415163,
        0.002867738380362945,
        0.0028241022423441922,
        0.0027269669991385726,
        0.0026671688172167965,
        0.002657408031102802,
        0.0025031849475843568,
        0.0024609650069448564,
        0.002456261285780264,
        0.002392647393779563,
        0.002393180595910443,
        0.002368782745075545,
        0.002322882099542767,
        0.0022292752201402825,
        0.0021884602893676077,
        0.0022718753815362497,
        0.002212060981297067,
        0.0021971765240388257,
        0.0021665920154191553,
        0.0021037229353428953
    ],
    "losses_dev": [
        0.30245064571499825,
        0.19547604490071535,
        0.1798955062404275,
        0.1770164929330349,
        0.1765622217208147,
        0.1758513548411429,
        0.17583713587373495,
        0.1790025201626122,
        0.1799758141860366,
        0.18235385045409203,
        0.18380334973335266,
        0.18313347501680255
    ]
}