{
    "sampled_epochs": [
        5,
        10,
        15,
        20,
        25,
        30,
        35,
        40
    ],
    "losses_train": [
        1.21453288516828,
        0.19400323363287109,
        0.07376852656847664,
        0.03103485256433487,
        0.016639383619518153,
        0.008596400805150292,
        0.006183885281539655,
        0.0045616147141637545,
        0.003358491394569033,
        0.002774864250178715,
        0.0017533046299441984,
        0.001489019962485015,
        0.0010548520498559811,
        0.000882567157844148,
        0.0009540118288506554,
        0.0009373292866387471,
        0.0007879046734680222,
        0.0005526054381334688,
        0.0005586194364046345,
        0.0005574315787401117,
        0.00046662480812561364,
        0.0004617790780944883,
        0.0005389193397214902,
        0.00042307496057349326,
        0.0005767708039067137,
        0.07423516305841206,
        0.05600125027620899,
        0.01950002717452922,
        0.006862370042030566,
        0.003525257120574159,
        0.0020588203293820176,
        0.0016738031781902204,
        0.0013379765005083755,
        0.0010774706618186817,
        0.0011696242086015574,
        0.001047225716579955,
        0.0008481850351277639,
        0.0008044690903001797,
        0.0005613596522120392,
        0.0005164490183233283
    ],
    "losses_dev": [
        0.11387606197968125,
        0.11570069868685096,
        0.12054703462854377,
        0.12357435616331713,
        0.12901651765150746,
        0.13430110327772127,
        0.13813200461163433,
        0.14155302465178465
    ]
}