{
    "sampled_epochs": [
        5,
        10,
        15,
        20,
        25,
        30,
        35,
        40,
        45,
        50
    ],
    "losses_train": [
        2.2101598166993686,
        0.6885390116700104,
        0.38881089386663265,
        0.243832434594099,
        0.16715759596388255,
        0.12872050209636135,
        0.09228401717596821,
        0.06647488672751933,
        0.049966942889815465,
        0.03803639920162303,
        0.030875305224409594,
        0.024275978628845354,
        0.022348573853793952,
        0.030418488891362876,
        0.03661667709987212,
        0.01903893641512176,
        0.013843664796773477,
        0.011424275148393852,
        0.009924344638628619,
        0.00843132811299126,
        0.007397429504323684,
        0.006624441703232671,
        0.0059850461425542435,
        0.005382271844220148,
        0.004951820064369323,
        0.005085716442668594,
        0.009097904205555096,
        0.01970546076190658,
        0.01608855422070649,
        0.016166401992709974,
        0.00666604338434159,
        0.004535956090746497,
        0.004085476448277145,
        0.00373654847031243,
        0.003033259624083127,
        0.0022609433916451443,
        0.002617703018222528,
        0.002392751237753795,
        0.0017249288819324907,
        0.001714086726549015,
        0.002664336859951228,
        0.00348109045041513,
        0.0052698477835552435,
        0.010108085704528744,
        0.004291587327211996,
        0.002957999803454316,
        0.0023636328966209217,
        0.0021547389389784907,
        0.001554671647032332,
        0.010916842178760686
    ],
    "losses_dev": [
        0.23186717303617607,
        0.1428939846772996,
        0.1404052799759758,
        0.14771056633316987,
        0.1615623016996468,
        0.14238655367969638,
        0.14410722079299462,
        0.15024181642145,
        0.18779917903136972,
        0.1947997089057228
    ]
}