{
    "sampled_epochs": [
        5,
        10,
        15,
        20,
        25,
        30
    ],
    "losses_train": [
        2.5426712002073018,
        0.5630052523953574,
        0.2269982912710735,
        0.10909249080078942,
        0.055476830367531094,
        0.03288224328841482,
        0.02119452285447291,
        0.013956602769238609,
        0.009980616053300244,
        0.007302478900445359,
        0.006046835905207055,
        0.004708295668076192,
        0.0038260137928383692,
        0.003313356637954712,
        0.002824743211801563,
        0.002463376897919391,
        0.002121686815683331,
        0.0018828461512124964,
        0.0017346056743658014,
        0.0016045268957636187,
        0.001480445999186486,
        0.0013940079237467476,
        0.0012615219673274883,
        0.0010797487106174231,
        0.0010238252014720013,
        0.0009685922563741249,
        0.0008817663615835565,
        0.000869668966957501,
        0.0008077879195168082,
        0.000752074657274144
    ],
    "losses_dev": [
        0.14546156115829945,
        0.1259416053071618,
        0.12779040168970823,
        0.12859199102967978,
        0.13104537455365062,
        0.13218448590487242
    ]
}