{
    "sampled_epochs": [
        5,
        10,
        15,
        20,
        25,
        30,
        35
    ],
    "losses_train": [
        2.498996453625815,
        0.5250153379780905,
        0.21802846363612582,
        0.10244124755263329,
        0.053088863300425664,
        0.03098194593829768,
        0.01956343517771789,
        0.01306018637759345,
        0.009433975642813104,
        0.007243018743715116,
        0.005462679672720177,
        0.004393005943191903,
        0.003654827663142766,
        0.0031394947985453267,
        0.002724293326692922,
        0.0023308174684643747,
        0.002209915975773973,
        0.0018660785530560783,
        0.001659120454652501,
        0.0015020059205458633,
        0.0013867914310789534,
        0.0013043293396809272,
        0.0011452886192793294,
        0.0011027792585082351,
        0.0010660040159044522,
        0.0009115092872109796,
        0.0008783797700224178,
        0.0008095701557717153,
        0.0008681643155536481,
        0.0007152128033339977,
        0.0007174331578426063,
        0.0006268669901016567,
        0.0006458363213044192,
        0.0005839185922273568,
        0.000532940386827769
    ],
    "losses_dev": [
        0.14692374505102634,
        0.12033278588205576,
        0.12127786688506603,
        0.1239422969520092,
        0.12761093699373305,
        0.12799752363935113,
        0.13191782357171178
    ]
}