{
    "sampled_epochs": [
        5,
        10,
        15,
        20,
        25
    ],
    "losses_train": [
        1.4281561267163072,
        0.2802921514425959,
        0.10027734035226915,
        0.040053567908970376,
        0.021319501541022745,
        0.009716224923197712,
        0.005239402037945443,
        0.0034867229085648434,
        0.002246357668731694,
        0.0016939053488645836,
        0.001407267115220228,
        0.001052378580893024,
        0.0009547129725563406,
        0.0006993023566402761,
        0.000548674488319583,
        0.0006206318887832042,
        0.0004754752215896068,
        0.0004119809048071537,
        0.0005384721608736852,
        0.0004626309416510464,
        0.00039797991511087664,
        0.000582208915823555,
        0.00043232998089349296,
        0.0003396373555785561,
        0.0003094465509743064
    ],
    "losses_dev": [
        0.12649450304161292,
        0.1251299792638747,
        0.13107242115529516,
        0.13637824589341108,
        0.13935084066611125
    ]
}