{
    "sampled_epochs": [
        5,
        10,
        15,
        20,
        25,
        30,
        35,
        40,
        45
    ],
    "losses_train": [
        2.7377643785306387,
        1.0929629118314812,
        0.7321811285402093,
        0.521689066849649,
        0.37302918742809976,
        0.2768313993167664,
        0.2113217407704464,
        0.1533116162089365,
        0.12349166948614376,
        0.10712966923601926,
        0.07744232664283897,
        0.06127434975600669,
        0.05577696833559977,
        0.04354426749216925,
        0.03369631535939074,
        0.027381217239391326,
        0.02347305283515847,
        0.020647206518333405,
        0.017505054470218186,
        0.015387010426327055,
        0.04622310024819204,
        0.04030891366502536,
        0.017581155520331647,
        0.01138256122067105,
        0.009579968764280368,
        0.008239608596444929,
        0.0074210152375079426,
        0.00657841428681942,
        0.00617184694981136,
        0.005603424484849841,
        0.005141520663580325,
        0.0048977610732046225,
        0.004470610114159561,
        0.004660815723140591,
        0.005032781685752395,
        0.03318560194872719,
        0.025325123978629044,
        0.01487805101579787,
        0.005756973005190957,
        0.004307607370200068,
        0.0037943075481702442,
        0.0034484622464723154,
        0.00317629813232218,
        0.003082215743052075,
        0.003010730898781081
    ],
    "losses_dev": [
        0.4165070958080746,
        0.19476163130076157,
        0.1530539526323241,
        0.15366086402597526,
        0.14644290509611546,
        0.151018948473465,
        0.15726407084961436,
        0.15838303196425033,
        0.16155987490376916
    ]
}