{
    "sampled_epochs": [
        5,
        10,
        15,
        20,
        25,
        30,
        35,
        40
    ],
    "losses_train": [
        3.0996984345572334,
        0.7840666379247393,
        0.3336028405598232,
        0.17007593257086617,
        0.09545634346348898,
        0.058841913512774874,
        0.03691002258232662,
        0.025357487105897494,
        0.01818010344036988,
        0.013660747930407524,
        0.010585189224886042,
        0.008338414491819483,
        0.006786267911749227,
        0.005693671373384339,
        0.004846678720787168,
        0.004150883440992662,
        0.00365897847472557,
        0.0032228079291858843,
        0.002868568158841559,
        0.0025734605799828257,
        0.0023377243163330216,
        0.002107670371021543,
        0.001923938754147717,
        0.001789890362748078,
        0.001634191069751978,
        0.0015147533500567078,
        0.001412011227304382,
        0.001302871754991689,
        0.0012157170151892518,
        0.0011520336165891161,
        0.0010735024382094187,
        0.0010184800984071834,
        0.0009491738863289356,
        0.0008946118942861046,
        0.0008692976137224052,
        0.0008433620096184313,
        0.0007684457797690162,
        0.0007561122034011143,
        0.0007151566545612046,
        0.0006808601486097489
    ],
    "losses_dev": [
        0.1867895219475031,
        0.13137335376814008,
        0.1284329858608544,
        0.13013940816745162,
        0.13309817481786013,
        0.13509293552488089,
        0.13590937294065952,
        0.13804141385480762
    ]
}