{
    "sampled_epochs": [
        5,
        10,
        15,
        20,
        25,
        30,
        35,
        40
    ],
    "losses_train": [
        4.319607053484235,
        2.087654181889125,
        1.3360988582883562,
        0.8984526463917324,
        0.6524914537157331,
        0.49540706617491587,
        0.3844683085169111,
        0.3306238957813808,
        0.2545048624277115,
        0.20117018818855287,
        0.1609801341380392,
        0.13222357353993824,
        0.10989258246762412,
        0.09354213220732553,
        0.07913563432438032,
        0.06771594786218234,
        0.05808970992054258,
        0.05038905420473644,
        0.04407150511230741,
        0.03875904503677573,
        0.034277870506048205,
        0.030793488238539016,
        0.027370309616838184,
        0.02469366288610867,
        0.0222841671534947,
        0.02036832358155932,
        0.018627003846423965,
        0.017015615345111916,
        0.01576322072318622,
        0.014538176863321236,
        0.013481460724558149,
        0.01257542824106557,
        0.011700996144541672,
        0.010948651483548538,
        0.01015620596174683,
        0.009587791202855961,
        0.008968376381588834,
        0.008398589904287032,
        0.008211734172488962,
        0.00762733489807163
    ],
    "losses_dev": [
        0.6335852816700935,
        0.30108008347451687,
        0.21318528894335032,
        0.18909205216914415,
        0.18482643738389015,
        0.1871013231575489,
        0.18910439312458038,
        0.1906243860721588
    ]
}