{
    "sampled_epochs": [
        5,
        10,
        15,
        20,
        25,
        30,
        35,
        40,
        45,
        50
    ],
    "losses_train": [
        3.8882085050855366,
        1.6336248465946743,
        0.9886548706463405,
        0.6367501871926444,
        0.4505018855844225,
        0.32369503123419624,
        0.23671635346753256,
        0.17692139531884873,
        0.13197602757385798,
        0.11125002247946603,
        0.09246377838509423,
        0.06987685178007398,
        0.05866900927254132,
        0.04587956581796918,
        0.03772631292896611,
        0.031983560962336406,
        0.027440678221838814,
        0.0240260780655912,
        0.021441629262907165,
        0.01893605925142765,
        0.016526942939630578,
        0.014780636903430735,
        0.013304768742195197,
        0.011978836277765886,
        0.010884768808526651,
        0.010016523314906017,
        0.00924589711108378,
        0.00859552299869912,
        0.008022505271115473,
        0.007383592958961215,
        0.006943675024168832,
        0.0064982635634286065,
        0.006146263058430382,
        0.005747389374300837,
        0.005514582838597042,
        0.005263968078153474,
        0.00495110673696867,
        0.004825239096369062,
        0.004597969299980572,
        0.004453515301325491,
        0.004206863857273545,
        0.004097274328315897,
        0.0038834199143041458,
        0.0037795887661299537,
        0.003709440342416721,
        0.0036304540366732647,
        0.0034682031853922775,
        0.0034060014744422265,
        0.0033024762025369065,
        0.00333025256903576
    ],
    "losses_dev": [
        0.5144986510276794,
        0.23778939433395863,
        0.18205302208662033,
        0.17338550556451082,
        0.17354723811149597,
        0.17223346885293722,
        0.17580261873081326,
        0.18033070443198085,
        0.17688672989606857,
        0.1816759891808033
    ]
}