{
    "sampled_epochs": [
        5,
        10,
        15,
        20,
        25,
        30,
        35,
        40
    ],
    "losses_train": [
        3.907876627785819,
        1.5696091175079345,
        0.913478810446603,
        0.6010955291134971,
        0.4284344800880977,
        0.30457266313689096,
        0.22304898159844536,
        0.16676510146686008,
        0.12873432274375643,
        0.101664713876588,
        0.08162841605288641,
        0.0662356969501291,
        0.054400027223995756,
        0.045810391434601375,
        0.03920922162277358,
        0.03345112060861928,
        0.0295589952064412,
        0.026122529698269708,
        0.022714569659105368,
        0.020273868393685137,
        0.018221625499427317,
        0.016565816889383963,
        0.019031564172889506,
        0.014908656025571482,
        0.012879829055496625,
        0.0541299043489354,
        0.05004705185336726,
        0.031672655578170505,
        0.01683143741850342,
        0.012580941750534943,
        0.01081033152128969,
        0.009524359327874014,
        0.008582592489463942,
        0.007936964410224132,
        0.007372349474046911,
        0.006960113319967474,
        0.0065021207489605465,
        0.006089291342401079,
        0.00577117213314133,
        0.005505141762218305
    ],
    "losses_dev": [
        0.4599600099027157,
        0.21848440915346146,
        0.18008391745388508,
        0.16406391095370054,
        0.21492688544094563,
        0.16392829362303019,
        0.16253931261599064,
        0.1627454161643982
    ]
}