{
    "sampled_epochs": [
        5,
        10,
        15,
        20,
        25,
        30,
        35,
        40,
        45,
        50,
        55
    ],
    "losses_train": [
        1.5374102258256503,
        0.3266023984977177,
        0.1337809467688203,
        0.06459525557500975,
        0.03939171356282064,
        0.020785856702631073,
        0.01164889902408634,
        0.008036604432189572,
        0.006982996271524046,
        0.0043296495348580976,
        0.0024622853845357893,
        0.0020020162805199754,
        0.0017086063215434218,
        0.0011602198474325372,
        0.000916488149648233,
        0.0010253019208903424,
        0.0009434987016512813,
        0.0010944287052552682,
        0.0007800498429527839,
        0.0007372018466932266,
        0.0008418252098116292,
        0.0035544321441973027,
        0.013379480132633554,
        0.049650524950785827,
        0.06657799128443002,
        0.02600536896747404,
        0.012858749309089035,
        0.006628506942485859,
        0.002286429803643841,
        0.0018456337258352766,
        0.0012626132410202575,
        0.0012987965347877304,
        0.000829743858256344,
        0.00072206198544466,
        0.0007836934339658391,
        0.000547470291868584,
        0.0005677167736783823,
        0.0005081037522748894,
        0.0005216297011949271,
        0.00040251993076318674,
        0.0005611074212408442,
        0.0005664624670316698,
        0.0006240096104322999,
        0.0003899990129606782,
        0.0004988345264272149,
        0.0005937951474541998,
        0.0004508910972877597,
        0.00035939311467570535,
        0.0006729593522062974,
        0.001165948354927033,
        0.0008072168677894557,
        0.0008204770907728483,
        0.0035136788150079415,
        0.006333579252844044,
        0.010455545893637463
    ],
    "losses_dev": [
        0.13790583051741123,
        0.10969507980735216,
        0.11548382736509666,
        0.1178925634035295,
        0.13590383612245205,
        0.11681958455255881,
        0.12304523112857169,
        0.12870462393834714,
        0.12937413673532205,
        0.130956763563006,
        0.1290723940865064
    ]
}