{
    "sampled_epochs": [
        5,
        10,
        15,
        20,
        25,
        30,
        35
    ],
    "losses_train": [
        1.4711336199726377,
        0.2980076526956899,
        0.12164334652147123,
        0.05833190610366208,
        0.03301080151328019,
        0.016364678153435567,
        0.010350659200256424,
        0.007777388323198206,
        0.004960076721701106,
        0.0038847543303355842,
        0.003203841619792261,
        0.0020397853193571793,
        0.0021523450998107104,
        0.0015555660504365473,
        0.0012199696554619419,
        0.0007738271996329006,
        0.0007903896105874862,
        0.000655806949050332,
        0.0006166809778993151,
        0.0005071823777273364,
        0.0005181724490934616,
        0.0003983124692500236,
        0.0004211752649488127,
        0.0005069878695004653,
        0.0005153266278024863,
        0.00045330545576039837,
        0.0003756395844642871,
        0.000491341026203632,
        0.00048276357345977363,
        0.0002672010080849369,
        0.00042581332285668137,
        0.11935987739624189,
        0.0678639881878293,
        0.025873809043384557,
        0.011695910117954815
    ],
    "losses_dev": [
        0.11926933443464804,
        0.11793345339901862,
        0.11842435972539533,
        0.12627017580234678,
        0.13106319670384892,
        0.1314065889049516,
        0.12416269820505477
    ]
}