{
    "sampled_epochs": [
        5,
        10,
        15,
        20,
        25,
        30,
        35,
        40
    ],
    "losses_train": [
        2.69359461580004,
        0.6840806084019797,
        0.3222313438143049,
        0.18326522218329566,
        0.10967251722301756,
        0.07165119094508035,
        0.04927268246454852,
        0.03388915080577135,
        0.02429687415382692,
        0.01789936080042805,
        0.014267453524683203,
        0.010959948506206274,
        0.009650324524513313,
        0.00782661784573325,
        0.007025372609496117,
        0.00606554286953594,
        0.0048932985668735845,
        0.004622445521610123,
        0.004357920879764217,
        0.003764598091532077,
        0.0034623873486582723,
        0.0029086060056995066,
        0.0026707644940220884,
        0.002627708137567554,
        0.0022487494662137967,
        0.0020612174212666493,
        0.0019510876420619232,
        0.0017992149872173156,
        0.0015202897301475917,
        0.001464061821544809,
        0.0014224086522257753,
        0.0012972428679599293,
        0.0011501777883885162,
        0.0011872565423670623,
        0.0011045868076117976,
        0.0011672680831647346,
        0.0011416688228824308,
        0.0010240872997591005,
        0.0009356424495178674,
        0.0009510801589515593
    ],
    "losses_dev": [
        0.15838855784386396,
        0.11279139295220375,
        0.11027242778800428,
        0.11419117404147983,
        0.11118471343070269,
        0.11372929671779275,
        0.11595133505761623,
        0.11697137798182666
    ]
}