{
    "sampled_epochs": [
        5,
        10,
        15,
        20,
        25,
        30,
        35,
        40,
        45,
        50,
        55,
        60,
        65,
        70
    ],
    "losses_train": [
        5.097968210492815,
        2.514660746710641,
        1.8249318599700928,
        1.3565379687717982,
        1.0020470704351152,
        0.773153475352696,
        0.623046293428966,
        0.519316953420639,
        0.431213447025844,
        0.36474894498075755,
        0.31716445897306716,
        0.27632215235914503,
        0.24044672761644637,
        0.20885961609227316,
        0.1808628520795277,
        0.15736365147999354,
        0.13888017875807626,
        0.12373437370572771,
        0.11102276870182583,
        0.09940972892301424,
        0.0894484535924026,
        0.08053424443517412,
        0.07281438388994761,
        0.06682174588952745,
        0.06047830634883472,
        0.0550269501549857,
        0.05127476613436426,
        0.047764220514467784,
        0.0544061792748315,
        0.08090485036373138,
        0.06387684494256973,
        0.04382292809230941,
        0.03622762198959078,
        0.03239248331104006,
        0.029960956850222178,
        0.027697139020477022,
        0.025839421791689736,
        0.024362811765500477,
        0.022762549721768926,
        0.02139755024441651,
        0.020200604892202784,
        0.0193165480026177,
        0.01834467612206936,
        0.017391100685511317,
        0.016438165227217333,
        0.015607639003012862,
        0.014909029060176441,
        0.014259221112089498,
        0.013579810330910342,
        0.013035457913896866,
        0.01244919104501605,
        0.011973700526037386,
        0.011502352702830518,
        0.010976529959589244,
        0.010606506027813468,
        0.010135185372616564,
        0.009739776394729104,
        0.009419934265315533,
        0.009166920823710305,
        0.008730422026876893,
        0.00847446396946907,
        0.008236146425562245,
        0.007920828461647034,
        0.00766477266858731,
        0.007379174631621156,
        0.007134457012372358,
        0.0069279850194496765,
        0.0068166899960488084,
        0.006487493316775986,
        0.00634084442364318
    ],
    "losses_dev": [
        0.9400700107216835,
        0.44360456988215446,
        0.2897071372717619,
        0.23102638311684132,
        0.20593944936990738,
        0.20469222124665976,
        0.18759386520832777,
        0.18258656794205308,
        0.18108296021819115,
        0.18164205737411976,
        0.1827460415661335,
        0.1847553621046245,
        0.18641386227682233,
        0.18730044132098556
    ]
}