{
    "sampled_epochs": [
        5,
        10,
        15,
        20,
        25,
        30,
        35,
        40,
        45,
        50,
        55,
        60,
        65,
        70,
        75,
        80,
        85,
        90,
        95,
        100,
        105,
        110,
        115
    ],
    "losses_train": [
        5.085709278924124,
        2.5288056986672536,
        1.8702199935913086,
        1.4128105231693813,
        1.0693185823304312,
        0.8373885648591178,
        0.682677584035056,
        0.5655812527452196,
        0.4803681637559618,
        0.41175855483327595,
        0.3528157957962581,
        0.30624835108007703,
        0.26721581944397516,
        0.2337679215839931,
        0.20724653814520155,
        0.17745400241443088,
        0.15693006217479705,
        0.14285852291754314,
        0.1248723641037941,
        0.11113300259624209,
        0.09853552452155522,
        0.08866080450160163,
        0.08057727164455823,
        0.07293645143508912,
        0.06639006148491587,
        0.0606146861399923,
        0.055596137366124565,
        0.051186483140502656,
        0.0473005969609533,
        0.043620276344673976,
        0.040531597658991815,
        0.037730708665081436,
        0.03548416585794517,
        0.033147768729499406,
        0.03104622507733958,
        0.02916193130825247,
        0.02755331876022475,
        0.025720020543251718,
        0.02422068150980132,
        0.022979809237377986,
        0.022066387959889005,
        0.04531702952725547,
        0.06317558448229517,
        0.04479258385087762,
        0.028832228215677397,
        0.022413670111979755,
        0.019864358752965928,
        0.018280932227415697,
        0.016989325173199177,
        0.016057091339358263,
        0.01510346768690007,
        0.014349266780274254,
        0.013668774334447725,
        0.013019653649202415,
        0.012448808577443873,
        0.011897199108664479,
        0.011445696518889496,
        0.01101934691624982,
        0.01055946709322078,
        0.010171089946691478,
        0.009834095942122596,
        0.009486743475177459,
        0.009095826798251697,
        0.008877332202558007,
        0.00857057354546019,
        0.00830538102558681,
        0.008035740602229323,
        0.0077891856032822815,
        0.007505646028688976,
        0.007272562012076378,
        0.007076671686289566,
        0.006895391230604478,
        0.006640172829585416,
        0.00649969229873802,
        0.006294921892029899,
        0.006134503674028176,
        0.006012358396713223,
        0.005916130409709045,
        0.005682198004797101,
        0.005539155525288411,
        0.005373306206560561,
        0.005298941735444324,
        0.005184858551781093,
        0.005107856342302901,
        0.004979191767051816,
        0.004763599052759153,
        0.004682538166110005,
        0.004660123999097518,
        0.004576551668079836,
        0.004544286443186658,
        0.0042823302892169785,
        0.004260783070432288,
        0.004114956435348306,
        0.004021524504891464,
        0.004015908310455936,
        0.003969446210456746,
        0.00392646280316902,
        0.003759682600918625,
        0.0036694218836990852,
        0.0036196249503908412,
        0.0035659471659788065,
        0.0035592493235266634,
        0.0035075656271406582,
        0.0033656566237498606,
        0.003410588653891214,
        0.0032527023128100805,
        0.003191296021187944,
        0.003132431165847395,
        0.0032182452734559773,
        0.0030686165073088236,
        0.003130247367412916,
        0.002983683523988085,
        0.002972900777656053,
        0.0029367037317050357,
        0.0029213735168533666
    ],
    "losses_dev": [
        0.9870339781045914,
        0.468122199177742,
        0.30836157873272896,
        0.2338612787425518,
        0.2083937767893076,
        0.19587367586791515,
        0.19233248569071293,
        0.19499288219958544,
        0.1812014477327466,
        0.18004701379686594,
        0.18178477603942156,
        0.1829213872551918,
        0.1851604450494051,
        0.18765719048678875,
        0.19124769233167171,
        0.19324704259634018,
        0.19683695305138826,
        0.19755448773503304,
        0.20145426457747817,
        0.20503376983106136,
        0.2040824256837368,
        0.20891342498362064,
        0.20889548491686583
    ]
}