{
    "sampled_epochs": [
        5,
        10,
        15,
        20,
        25,
        30,
        35,
        40,
        45
    ],
    "losses_train": [
        1.7715937631470817,
        0.47754921263882094,
        0.23370409144886903,
        0.13559194682165981,
        0.08023968844541482,
        0.05288375147751399,
        0.038349967859020194,
        0.027183466936860766,
        0.020016783183174475,
        0.01800850052885445,
        0.015504044086472796,
        0.01217097889249479,
        0.009658484776238246,
        0.016728480882842893,
        0.03176054416690022,
        0.018751609059316773,
        0.01746372949731137,
        0.011791123045259155,
        0.010030553993835513,
        0.007673527016803356,
        0.0067444930983973405,
        0.004935961366780767,
        0.004479567341747627,
        0.0036899696648885895,
        0.0034763025178108364,
        0.003208509026028748,
        0.0031444646029350613,
        0.004597482557957327,
        0.008351985275346254,
        0.008384430180428483,
        0.010451600230589974,
        0.012059946020183685,
        0.008984182635737982,
        0.006772848626548824,
        0.007711887294343407,
        0.0064320717900825134,
        0.006388999983443812,
        0.007505889550001094,
        0.023487629861171755,
        0.017065555193195386,
        0.013295605037793784,
        0.009672593049513775,
        0.01052186085892442,
        0.008176792246480805,
        0.010261407116403071
    ],
    "losses_dev": [
        0.14588339859619737,
        0.14301551738390117,
        0.14068011705603567,
        0.13422358745901874,
        0.15354287548746015,
        0.14693623084917817,
        0.14501548870015313,
        0.1483217278188249,
        0.1631546682883993
    ]
}