{
    "sampled_epochs": [
        5,
        10,
        15,
        20,
        25,
        30,
        35,
        40,
        45,
        50
    ],
    "losses_train": [
        2.4544785261154174,
        0.47791986635753086,
        0.1856471287352698,
        0.08915548154285975,
        0.05479128531047276,
        0.03047616311482021,
        0.017397416489464895,
        0.01135498502158693,
        0.00811603871573295,
        0.006176628278834479,
        0.004812583679865513,
        0.003927502395319087,
        0.0032762972305395775,
        0.002820005740172097,
        0.002446374935763223,
        0.0021152213382135544,
        0.0019130900402420333,
        0.0016731404133939318,
        0.0015102535669159675,
        0.0014047158715714302,
        0.0012343330375318017,
        0.0011567252954202039,
        0.0010658782740522708,
        0.000980778198157038,
        0.0009359574394433626,
        0.0008637630663413023,
        0.0008418617786706558,
        0.0007386257057078183,
        0.000717238789158208,
        0.0006615078484173865,
        0.0006387184216042183,
        0.0005905651113217962,
        0.0006246463237662933,
        0.0005447331192304513,
        0.0005168987820590181,
        0.0004889080117988799,
        0.0004622452617955527,
        0.0004593501699024013,
        0.0004260912604097809,
        0.0004207120543079717,
        0.0004295723928537752,
        0.00038408935776845153,
        0.0003728339319682813,
        0.00034042164417249815,
        0.0003194888321948903,
        0.00031885847482564196,
        0.0003177099353966436,
        0.0003248049757010969,
        0.00028278262262964357,
        0.0002630728854066027
    ],
    "losses_dev": [
        0.160515652038157,
        0.1271189460530877,
        0.12649734457954764,
        0.12843269994482398,
        0.13032025936990976,
        0.13259975635446608,
        0.13439099164679646,
        0.13578154519200325,
        0.13772032270208,
        0.1391597199253738
    ]
}