{
    "sampled_epochs": [
        5,
        10,
        15,
        20,
        25,
        30,
        35,
        40,
        45,
        50,
        55,
        60,
        65,
        70
    ],
    "losses_train": [
        2.309116819500923,
        0.9540067572678839,
        0.5692750226174083,
        0.37491180928690093,
        0.2515505809336901,
        0.1884638178827507,
        0.1293604615809662,
        0.10697203056354608,
        0.08435104127441134,
        0.05749894345312246,
        0.04194409128145448,
        0.03130901692368623,
        0.03010494422300586,
        0.02151359570312447,
        0.015802242520398326,
        0.019111693429294974,
        0.015189582027960568,
        0.010773815779248252,
        0.008207499851206584,
        0.006665665663396274,
        0.005364822247065604,
        0.003966853707346932,
        0.004615165407968951,
        0.0069792948721442375,
        0.005971225621552939,
        0.009372900923023866,
        0.04065344687052337,
        0.05945757462842656,
        0.06442750521735953,
        0.03918523482279852,
        0.016038657223439907,
        0.01302811321552976,
        0.0077676303628582645,
        0.011437249894204018,
        0.004959134423656256,
        0.0032302807326362068,
        0.0022023142059749393,
        0.0027336142248324384,
        0.0017187816979588077,
        0.0020293390420972304,
        0.0016393676223482804,
        0.0020831860575916445,
        0.0023077254808283342,
        0.0031048743342190783,
        0.015169377797532694,
        0.017734099233660216,
        0.03656797061890497,
        0.035020379693014546,
        0.03239911738949429,
        0.009149110498921281,
        0.006221573899633118,
        0.003651040082747516,
        0.0034883672760250713,
        0.00639242221425645,
        0.0033796545351963557,
        0.0021134720185987783,
        0.0023365960200732974,
        0.004557462989656155,
        0.006242577846985244,
        0.006967508753067315,
        0.003742544254574958,
        0.0029731295250322934,
        0.0032049449049476866,
        0.002289371998423511,
        0.0025822032804561396,
        0.002517925293146358,
        0.0020208725801109852,
        0.002594843201118887,
        0.0016602231322654657,
        0.0024763612791502965
    ],
    "losses_dev": [
        0.32899807998910546,
        0.14099126064684242,
        0.18039261789090233,
        0.17495340499590384,
        0.13923053498729132,
        0.19710893857518386,
        0.172060189464446,
        0.2026486973549595,
        0.2096727761540933,
        0.21704298517295229,
        0.23264185607433774,
        0.24342242258273927,
        0.23629965335106817,
        0.2387253239545828
    ]
}