{
    "sampled_epochs": [
        5,
        10,
        15,
        20,
        25,
        30,
        35,
        40,
        45,
        50,
        55,
        60
    ],
    "losses_train": [
        4.283489976610456,
        1.7171985047204155,
        0.9190391216959272,
        0.5510924288204738,
        0.36399994237082345,
        0.25155207429613385,
        0.18195163224424635,
        0.13522790925843375,
        0.10276376562459129,
        0.0793596377330167,
        0.06248424042548452,
        0.049948517020259584,
        0.040289146187050005,
        0.0330456697515079,
        0.027580062140311515,
        0.02295152630124773,
        0.019579831537391457,
        0.016807755987559046,
        0.014526688892926489,
        0.012705274378614767,
        0.011227977448808296,
        0.009920261773679937,
        0.00885594743969185,
        0.007915802073798009,
        0.007115301197128636,
        0.006472132541239262,
        0.005873281043022871,
        0.005401651142165065,
        0.004974076158500144,
        0.004606727956395064,
        0.0042434484365263155,
        0.003942780855244824,
        0.0036808388706828865,
        0.0034252349087702375,
        0.0032180339829730137,
        0.0030376763881317208,
        0.0028391035340194193,
        0.0026918208093515464,
        0.0025201034898470554,
        0.0023939735488966107,
        0.002275153113129948,
        0.002140424892838512,
        0.0020448694970192655,
        0.0019575036396937712,
        0.0018610549259132573,
        0.0017615373013541102,
        0.0016814644914120436,
        0.0016019272584734219,
        0.0015380375552922487,
        0.0014671834950734462,
        0.0014088179783097335,
        0.001353598159870931,
        0.0012925199249626271,
        0.0012534875123362457,
        0.0011969713776904557,
        0.0011521841382740863,
        0.0011107546061144343,
        0.0010622971425099032,
        0.0010304952439452921,
        0.0009908947494945356
    ],
    "losses_dev": [
        0.3673495762050152,
        0.15820952039211988,
        0.11988496035337448,
        0.11037019733339548,
        0.10692070983350277,
        0.10532990330830216,
        0.10498747532255948,
        0.10555543517693877,
        0.10564238834194839,
        0.10592371108941734,
        0.10673020617105067,
        0.1084163268096745
    ]
}