{
    "sampled_epochs": [
        5,
        10,
        15,
        20,
        25,
        30,
        35
    ],
    "losses_train": [
        2.9189351635319847,
        1.069901177925723,
        0.6468974017671176,
        0.4448831917984145,
        0.3136670632021768,
        0.21945785922663552,
        0.1636881775621857,
        0.1287856573505061,
        0.09686453228018113,
        0.07708325451239943,
        0.06014725611146007,
        0.04667766164722187,
        0.03769306728084173,
        0.03146664990511324,
        0.027350887077461396,
        0.023099416993292314,
        0.019514061490605986,
        0.016887848804305706,
        0.014868414322180407,
        0.013227101508527994,
        0.011915398794891579,
        0.010563123058195093,
        0.009306156463987593,
        0.008731322117715276,
        0.007770199795985328,
        0.007006247073877603,
        0.006730228930246085,
        0.006079182582574763,
        0.005584125188345622,
        0.005282380212364452,
        0.004736663051049358,
        0.004646669457932668,
        0.004273095239685582,
        0.004074653741970126,
        0.0038091447807216483
    ],
    "losses_dev": [
        0.3933641714975238,
        0.23653624951839447,
        0.18012197079951875,
        0.18599545664619654,
        0.19346512517950032,
        0.19987219954055035,
        0.20646514018517337
    ]
}