{
    "sampled_epochs": [
        5,
        10,
        15,
        20,
        25,
        30
    ],
    "losses_train": [
        2.8557105464594703,
        1.0644074080245836,
        0.6601551741361618,
        0.451662831221308,
        0.33144564447658403,
        0.22467683181166648,
        0.1623421457196985,
        0.12507021735821452,
        0.11840476018509695,
        0.08219573657427515,
        0.062141460020627294,
        0.048226611302899465,
        0.0376843836158514,
        0.031286632056747164,
        0.026233023172244428,
        0.022431751450390686,
        0.019359667825379543,
        0.016755964746698736,
        0.014788397338374384,
        0.013136762992611952,
        0.011648748063349298,
        0.010181936751385885,
        0.009319773890144592,
        0.008352657716854343,
        0.0074803701701707075,
        0.0069983431653651805,
        0.006263739651434922,
        0.005832294357242062,
        0.005411541563392218,
        0.0050980432516163484
    ],
    "losses_dev": [
        0.3770407047122717,
        0.2183108099270612,
        0.19439118675654754,
        0.19690329386503436,
        0.2025512910768157,
        0.20629512930463534
    ]
}