{
    "sampled_epochs": [
        5,
        10,
        15,
        20,
        25,
        30,
        35,
        40,
        45,
        50,
        55,
        60,
        65,
        70,
        75,
        80,
        85,
        90,
        95,
        100,
        105,
        110,
        115
    ],
    "losses_train": [
        6.413799006598336,
        3.2447583879743305,
        2.8181238055229185,
        2.4429702920573098,
        2.1030110665730066,
        1.8274849593639373,
        1.6094952711037227,
        1.433611883861678,
        1.2866850086620876,
        1.1634655364922115,
        1.0611309894493648,
        0.9757880913359779,
        0.9001180636031287,
        0.8338424723063197,
        0.7725621072309358,
        0.7185500992195947,
        0.6707139300448554,
        0.6228353134223393,
        0.5800281616193907,
        0.5425711303949357,
        0.5058639002697808,
        0.4729489312640258,
        0.44228294332112583,
        0.41414659129721776,
        0.3869440603469099,
        0.3629020197050912,
        0.3412091107240745,
        0.3201523322079863,
        0.3010993119861398,
        0.2863312208758933,
        0.265201036632061,
        0.24937555912349904,
        0.23457507166479316,
        0.22064898035355976,
        0.2076942725373166,
        0.19785942062735556,
        0.19048106452184063,
        0.1772137095353433,
        0.16689500068979604,
        0.15910429720367705,
        0.15007570098553386,
        0.14131850669426577,
        0.13320611582270692,
        0.1259400391419019,
        0.11971554710928883,
        0.11334842225270612,
        0.10759149129901613,
        0.10227878700409616,
        0.0967029117579971,
        0.09167805311403104,
        0.08846839613148144,
        0.09718878748161452,
        0.0800802162848413,
        0.07575266653937952,
        0.07191241400848541,
        0.06862663755725537,
        0.06518606981262565,
        0.06228556875139475,
        0.05961669014234628,
        0.05664904635133488,
        0.05399479235389403,
        0.051213022946779214,
        0.04906857586465776,
        0.04647796703502536,
        0.04445377761897232,
        0.042375534713002184,
        0.04018970181101135,
        0.03841157501696476,
        0.03646759621665946,
        0.034739673044532536,
        0.032984733328755414,
        0.03134184272826782,
        0.029911921086854167,
        0.02840072906443051,
        0.027102645972211445,
        0.025835520757495293,
        0.02471010132493185,
        0.04513007542451045,
        0.028879495111427136,
        0.02324283791905535,
        0.02186469135007688,
        0.02088182322747473,
        0.019977036274836532,
        0.01927366501186043,
        0.018417293930958423,
        0.01770687794778496,
        0.016996327731093126,
        0.01635486417716103,
        0.015799322837431518,
        0.015110879554413259,
        0.014628007055060671,
        0.014005997770332864,
        0.013449831193845187,
        0.013023861494314457,
        0.012444448158411043,
        0.011939278517716697,
        0.011478155688382684,
        0.011013398439224277,
        0.010584986196564776,
        0.010214374523742922,
        0.009799163223111204,
        0.009434135695586779,
        0.008997983969415405,
        0.008737484834689115,
        0.008334426508684243,
        0.008036382607783058,
        0.00771705083731961,
        0.007436612795572728,
        0.00716289918304288,
        0.006862297681592671,
        0.006667038094019517,
        0.006391550631295624,
        0.006146638760609286,
        0.005894180706153358,
        0.005724382591766438
    ],
    "losses_dev": [
        2.0153010971844196,
        1.199788935482502,
        0.8452404532581568,
        0.6266881041228771,
        0.48457676358520985,
        0.400729997549206,
        0.3408385661896318,
        0.2674605951178819,
        0.23309360747225583,
        0.23215424525551498,
        0.2011965875281021,
        0.20202214538585395,
        0.19736916868714616,
        0.19295367022277787,
        0.19146854581777006,
        0.17796751856803894,
        0.1808670422178693,
        0.18305209043319337,
        0.18331876496085897,
        0.184899338404648,
        0.1875727351871319,
        0.1930056531127775,
        0.1980182056358899
    ]
}