{
    "sampled_epochs": [
        5,
        10,
        15,
        20,
        25,
        30,
        35,
        40,
        45,
        50,
        55,
        60,
        65
    ],
    "losses_train": [
        1.942761082308633,
        0.6272663956241948,
        0.3045160310076816,
        0.17029974298285586,
        0.09855178681069186,
        0.061857084244755764,
        0.03970075594261289,
        0.024694007877925677,
        0.017324911282464328,
        0.014427784344713602,
        0.01084456714618552,
        0.009320817380129093,
        0.004660737614280411,
        0.0032469115034993072,
        0.0027713141844807458,
        0.0025504714703337024,
        0.0020099618328718602,
        0.0019162604941811879,
        0.0017316992651363501,
        0.002032403566616787,
        0.001925538476228082,
        0.0023197001643503815,
        0.0031142874926445075,
        0.0028706745073057913,
        0.009251769196998794,
        0.07818812253286264,
        0.06437706860846706,
        0.05318416061844411,
        0.03460726416669786,
        0.010752664745502573,
        0.0045859553285741384,
        0.002796302023385319,
        0.0017283954941376578,
        0.001968364747985366,
        0.001371594181598214,
        0.0011099338649988308,
        0.0013133980715792858,
        0.001359779436617308,
        0.0008472749599085156,
        0.0007884723225808037,
        0.0008308134432549456,
        0.0008053842700714345,
        0.0009097931452353285,
        0.0008784021989153448,
        0.0008656722654060494,
        0.0012842444931655855,
        0.000953038310996947,
        0.0007706751879595686,
        0.0006735301151430966,
        0.0005843294510798711,
        0.0020284166389111695,
        0.0044775308672147475,
        0.010036516108708123,
        0.00917342934221129,
        0.008932066911490568,
        0.015003866615838237,
        0.027872823962492736,
        0.03661631834360638,
        0.032685184657124666,
        0.005848069744076513,
        0.005141393801230671,
        0.004910395604799435,
        0.002590502229577396,
        0.0017616521193953563,
        0.0015290672851343905
    ],
    "losses_dev": [
        0.1581304685678333,
        0.1772246498221648,
        0.1673387259725132,
        0.17604057529160855,
        0.23932911482916097,
        0.14710781573558052,
        0.15975672782303718,
        0.16145203875447578,
        0.1648364006575207,
        0.1687970811391608,
        0.1695527412186948,
        0.21196542398860174,
        0.2190303483997127
    ]
}