{
    "sampled_epochs": [
        5,
        10,
        15,
        20,
        25,
        30,
        35,
        40,
        45,
        50,
        55
    ],
    "losses_train": [
        2.118901743207659,
        0.5835852784769876,
        0.29308993560927254,
        0.16927314421960285,
        0.11366240850516728,
        0.0678549705871514,
        0.058009779453277587,
        0.03324235337121146,
        0.020481489412486554,
        0.014540626906922885,
        0.011784908920526504,
        0.009846000533018793,
        0.008014233596622945,
        0.006909414706751704,
        0.005972234838243042,
        0.00520479051795389,
        0.004644531271021281,
        0.0043270158182297435,
        0.004154541123924511,
        0.0038656262714149695,
        0.003440713553157236,
        0.0032731248598013604,
        0.0031041778989934496,
        0.0028426238402192083,
        0.002856704768990832,
        0.002768876724543848,
        0.002773846103809774,
        0.0026634359449547317,
        0.002437528081437839,
        0.002463580179028213,
        0.0024287175520190172,
        0.0022921855544804463,
        0.002334565097200019,
        0.0023054185190371107,
        0.0022255574785439033,
        0.002287918615287968,
        0.002129460751478161,
        0.002146386867389083,
        0.002262390376667359,
        0.0020780350871583714,
        0.0021819272860219437,
        0.002073931570131598,
        0.0021272238161015723,
        0.0020947433484252544,
        0.0020918391004670412,
        0.00208254153341321,
        0.0021090730334565578,
        0.0021257410125274743,
        0.002139221056131646,
        0.0020416593836021743,
        0.002204072262559618,
        0.0020533798279107683,
        0.001962895642334063,
        0.0020721902480415467,
        0.0020426750815074357
    ],
    "losses_dev": [
        0.29323587752878666,
        0.2439643330872059,
        0.2543869083747268,
        0.25776972249150276,
        0.26478675939142704,
        0.2654073303565383,
        0.26867851335555315,
        0.27119025960564613,
        0.28157698083668947,
        0.28437892347574234,
        0.2846791138872504
    ]
}