{
    "sampled_epochs": [
        5,
        10,
        15,
        20,
        25,
        30
    ],
    "losses_train": [
        1.7315912766116006,
        0.31687022617885047,
        0.11992444007524422,
        0.05260811424148934,
        0.026939447490232332,
        0.015578050000060881,
        0.010401425889826246,
        0.0069531749035897,
        0.0062058096951139825,
        0.004343131798252996,
        0.0030931629722804896,
        0.002702596157489877,
        0.0021046546254573123,
        0.0018034837715926446,
        0.0018191789360051708,
        0.0015182337341164904,
        0.0012766566011123358,
        0.001101916127039918,
        0.0008950207507171269,
        0.000890328937176881,
        0.0007515190331365115,
        0.0007857254490123264,
        0.0007161079357112093,
        0.0006260312894093139,
        0.0008108889692396457,
        0.0005214886006017748,
        0.000581569916227766,
        0.0005076823816385253,
        0.00055370631661,
        0.0005232983152382076
    ],
    "losses_dev": [
        0.11310236866120249,
        0.10248557347222231,
        0.1031887525023194,
        0.10568214873637771,
        0.1050847848491685,
        0.10887524744248367
    ]
}