{
    "sampled_epochs": [
        5,
        10,
        15,
        20,
        25,
        30,
        35,
        40,
        45,
        50,
        55,
        60,
        65,
        70,
        75,
        80,
        85,
        90,
        95,
        100,
        105,
        110,
        115,
        120,
        125,
        130,
        135,
        140,
        145,
        150,
        155,
        160,
        165,
        170,
        175,
        180,
        185,
        190,
        195,
        200
    ],
    "losses_train": [
        8.014840139661516,
        7.442039067404611,
        5.419741548810687,
        3.840859603881836,
        3.4214879104069302,
        3.231764262063163,
        3.0859876019614085,
        2.9520397867475237,
        2.8213760239737375,
        2.693635974611555,
        2.5663262912205287,
        2.4427040100097654,
        2.324134738104684,
        2.2101014614105225,
        2.1037516048976355,
        2.0019819634301323,
        1.9046061379568917,
        1.816102613721575,
        1.7308477401733398,
        1.6484577178955078,
        1.5731944186346871,
        1.5025946276528495,
        1.43576009954725,
        1.374545805794852,
        1.3186923469815934,
        1.261560092653547,
        1.2103128467287336,
        1.1623550244740077,
        1.1168964147567748,
        1.0745688540594918,
        1.0338310258729118,
        0.995834231376648,
        0.9593654326030187,
        0.9250046678951809,
        0.8939307110650199,
        0.8622574210166931,
        0.8326807788440159,
        0.8052085910524641,
        0.7781025579997471,
        0.7523540530885969,
        0.7285501871790204,
        0.7060553669929505,
        0.6859142984662737,
        0.6632385296480996,
        0.6426143799509321,
        0.6228644728660584,
        0.6042705842426845,
        0.5865977236202785,
        0.5751290772642408,
        0.5557228582245963,
        0.5385179766586848,
        0.5226366877555847,
        0.5084343722888401,
        0.4934818250792367,
        0.48011636393410817,
        0.467976679120745,
        0.4569311005728585,
        0.44342814769063676,
        0.4312172097819192,
        0.4204234378678458,
        0.4088796828474317,
        0.3985025448458535,
        0.3883621624537877,
        0.37821180139269145,
        0.3681769396577563,
        0.3586859370980944,
        0.3494286826678685,
        0.3405441130910601,
        0.33205346550260273,
        0.3234627659831728,
        0.32035881238324304,
        0.31365551693098886,
        0.3010316440037319,
        0.29312737626688823,
        0.28606480019433156,
        0.2791710036141532,
        0.27228914499282836,
        0.2660001256636211,
        0.2595132006066186,
        0.2533101086105619,
        0.24683812516076223,
        0.24095504326479775,
        0.23517989133085523,
        0.22980462099824633,
        0.22456156952040537,
        0.2192402252129146,
        0.21374774064336505,
        0.20872378647327422,
        0.20390695674078804,
        0.19948224233729497,
        0.1946175060101918,
        0.18997006842068265,
        0.18558147719928197,
        0.1816779123885291,
        0.17765444474560874,
        0.17362304755619595,
        0.16973601984126227,
        0.16549639403820038,
        0.1619283241885049,
        0.15835657332624709,
        0.15467653636421477,
        0.15149639078548977,
        0.1482104250362941,
        0.14468998930283955,
        0.1415132590702602,
        0.13820910091911043,
        0.13520941798176084,
        0.13221746534109116,
        0.12941722997597285,
        0.1289521472794669,
        0.14369641585009438,
        0.12900414679731642,
        0.12192622359309878,
        0.11831041276454926,
        0.11548476070165634,
        0.11293393607650484,
        0.110682398719447,
        0.10826341658830643,
        0.10607907239879881,
        0.10388008207082748,
        0.1018800672675882,
        0.09994196891784668,
        0.09804930857249669,
        0.0959634998014995,
        0.09388138364468301,
        0.09234191913689886,
        0.09041153575692858,
        0.08873070137841362,
        0.08694278938429696,
        0.08517422207764216,
        0.08336047274725777,
        0.08205193153449468,
        0.08029475573982511,
        0.07875760995915958,
        0.07726855756981033,
        0.07588723674416542,
        0.07432781723993165,
        0.0728833661547729,
        0.07141403406858444,
        0.07003750471132142,
        0.068734458727496,
        0.06734948605298996,
        0.06612350791692734,
        0.06482231925640787,
        0.06361975073814392,
        0.06241618948323386,
        0.06123911536165646,
        0.06015824920364789,
        0.058986323326826094,
        0.05777061464531081,
        0.0568129155252661,
        0.055669109736170085,
        0.054632299499852315,
        0.05360964903874057,
        0.05264307116823537,
        0.05173284491258008,
        0.050821585953235625,
        0.049707134546978136,
        0.048879552100385935,
        0.04802787532763822,
        0.04714623657720429,
        0.04629686687673841,
        0.045287349873355455,
        0.044499977997371126,
        0.043665494663374764,
        0.042965371481009894,
        0.04219008364847728,
        0.04141578535948481,
        0.040725157409906385,
        0.03985854429858071,
        0.039153399105582916,
        0.03850600815245083,
        0.03780231960117817,
        0.037120023369789125,
        0.036399611883929796,
        0.03576187714934349,
        0.03510621269898755,
        0.03451472973184926,
        0.033756699679153304,
        0.03310096205345222,
        0.032607083129031315,
        0.03204141456101622,
        0.03140994549861976,
        0.03078113416475909,
        0.03031864815524646,
        0.02972060910293034,
        0.029177276204739297,
        0.028632599700774464,
        0.028121309727430342,
        0.02763554443206106,
        0.027180763600128038,
        0.026669732800551824,
        0.026148358572806632,
        0.02570705855531352,
        0.025223166814872196,
        0.024711304769984312,
        0.02430571647627013,
        0.02392416926366942,
        0.023443142165030753,
        0.02303514006946768
    ],
    "losses_dev": [
        3.354134291410446,
        2.677243858575821,
        2.1123143136501312,
        1.686399444937706,
        1.3684309720993042,
        1.1347942650318146,
        0.9634116366505623,
        0.8340118080377579,
        0.7310753688216209,
        0.6471308246254921,
        0.5830811895430088,
        0.5302412882447243,
        0.48451005294919014,
        0.44458330795168877,
        0.4069485440850258,
        0.37631862983107567,
        0.3524879068136215,
        0.32872290536761284,
        0.30736565217375755,
        0.2882244009524584,
        0.27221359871327877,
        0.25879146344959736,
        0.24591706693172455,
        0.23658201657235622,
        0.22772049345076084,
        0.22037119790911674,
        0.21341367438435555,
        0.20762699842453003,
        0.20304227340966463,
        0.19862387515604496,
        0.19492451008409262,
        0.19149327650666237,
        0.18865059968084097,
        0.1864238353446126,
        0.18374332785606384,
        0.18177989684045315,
        0.18075844924896955,
        0.1790758427232504,
        0.17808067798614502,
        0.176731132902205
    ]
}