{
    "sampled_epochs": [
        5,
        10,
        15,
        20,
        25,
        30,
        35,
        40,
        45,
        50,
        55,
        60,
        65,
        70,
        75,
        80,
        85,
        90,
        95,
        100,
        105,
        110,
        115,
        120,
        125,
        130,
        135,
        140,
        145,
        150,
        155,
        160,
        165,
        170,
        175,
        180,
        185,
        190,
        195,
        200
    ],
    "losses_train": [
        8.026708657400949,
        7.488545485905239,
        5.435100814274379,
        3.789107894897461,
        3.3946827275412423,
        3.215585388456072,
        3.0746481895446776,
        2.941696119308472,
        2.8081879343305314,
        2.676269735608782,
        2.5463593551090784,
        2.4183171340397425,
        2.294048683983939,
        2.17413124697549,
        2.0644127300807407,
        1.9592972823551722,
        1.861153497014727,
        1.76940210546766,
        1.6858502013342722,
        1.6077330453055245,
        1.5330302579062325,
        1.4654601982661657,
        1.401585841178894,
        1.3437275750296456,
        1.2873603139604841,
        1.2364123821258546,
        1.1879527160099574,
        1.1427108764648437,
        1.1001157896859306,
        1.0600320747920444,
        1.021842122077942,
        0.986007639339992,
        0.9513380782944816,
        0.919297696862902,
        0.8875273517199925,
        0.8589850578989301,
        0.8294768503734044,
        0.8011340873582022,
        0.7787643671035767,
        0.7502088870321001,
        0.7239860568727766,
        0.701020245892661,
        0.6776546086583819,
        0.6571029875959669,
        0.6366309097834996,
        0.617423404114587,
        0.5971751749515534,
        0.5789698234626225,
        0.5620064292635236,
        0.5510291295392172,
        0.531826798404966,
        0.5155495175293514,
        0.4997167127473014,
        0.48485426221575056,
        0.4710333355835506,
        0.45780351076807296,
        0.4453349573271615,
        0.4324799724987575,
        0.42052865709577286,
        0.41014620661735535,
        0.40030244588851926,
        0.38817095075334823,
        0.3779016588415418,
        0.36784805059432985,
        0.35827736003058297,
        0.3505070737430028,
        0.3410455584526062,
        0.3319654673337936,
        0.32316188045910427,
        0.31504411101341245,
        0.3072136150939124,
        0.2994338061128344,
        0.29206831880978174,
        0.28498842801366536,
        0.27807497637612477,
        0.2712059557437897,
        0.26457737173352924,
        0.25801910076822554,
        0.2521355607679912,
        0.24572838246822357,
        0.2399142175912857,
        0.23412139884063177,
        0.22855605483055114,
        0.22291408308914729,
        0.21811598879950386,
        0.21266143662588938,
        0.2077035252537046,
        0.20283065970454897,
        0.19805649689265659,
        0.19367106940065112,
        0.18917840932096755,
        0.18475991785526275,
        0.18047122316701072,
        0.1766471334866115,
        0.17283061104161399,
        0.16879222903932845,
        0.16443554567439214,
        0.16097882645470754,
        0.15672726524727684,
        0.15365960065807616,
        0.15003288430827005,
        0.14651226571628026,
        0.14332739008324488,
        0.14005703968661173,
        0.1368351114647729,
        0.13386636802128382,
        0.130912056352411,
        0.12787549559559142,
        0.12504732481070926,
        0.1224152181829725,
        0.1195225036570004,
        0.11909393199852535,
        0.12029396167823246,
        0.12604371287993021,
        0.1164465504033225,
        0.11004857867956161,
        0.10682546602828162,
        0.10447360958371843,
        0.10204949112875121,
        0.10003396208797183,
        0.09789639860391616,
        0.09607886352709362,
        0.09430947516645705,
        0.0925432389335973,
        0.0905306671346937,
        0.08876681561980929,
        0.08711130001715252,
        0.08544047655803817,
        0.08378516297255244,
        0.08196239013757024,
        0.0805303016943591,
        0.07908826630030359,
        0.07758360898920467,
        0.07610073036381176,
        0.0745007999241352,
        0.07319689797503608,
        0.07192498711603028,
        0.0704599923321179,
        0.069098164247615,
        0.06790022871323995,
        0.06646364661199707,
        0.06534856004374368,
        0.0642072248671736,
        0.06288823602455003,
        0.061604647125516616,
        0.060543069136994226,
        0.059369507964168275,
        0.058298311063221524,
        0.05700875350407192,
        0.056091119668313434,
        0.05510650298425129,
        0.0540068225136825,
        0.05305447328303541,
        0.05206967177135604,
        0.05094087453825133,
        0.05230853280850819,
        0.0579430100108896,
        0.052238027112824575,
        0.04879021953259196,
        0.04749868480222566,
        0.04656029769352504,
        0.0455676437488624,
        0.044667275409613336,
        0.04389943038778646,
        0.043125502020120624,
        0.04241623367582049,
        0.04162121633333819,
        0.04078276098838874,
        0.04022022613457271,
        0.03952009869473321,
        0.038927165525300164,
        0.03823854742305619,
        0.037585331606013433,
        0.03693181398723807,
        0.03620578322027411,
        0.03563048477683749,
        0.03497065082192421,
        0.034381447519574844,
        0.03380372087870325,
        0.03319402688315937,
        0.03265444758747305,
        0.032063046310629166,
        0.03160266610128539,
        0.031089794476117406,
        0.03050484811621053,
        0.029967711067625455,
        0.02939003924173968,
        0.028868286684155465,
        0.02846911560211863,
        0.027990191589508738,
        0.027490995664681706,
        0.027010223641991616,
        0.026538419350981713,
        0.02609404857669558,
        0.02563116888382605,
        0.025182104855775832,
        0.024768014997243883,
        0.02434496876916715,
        0.023982945776411465,
        0.023517384087400776
    ],
    "losses_dev": [
        3.332945853471756,
        2.6530318558216095,
        2.059267446398735,
        1.6357294172048569,
        1.3331738412380219,
        1.1251224726438522,
        0.9656375497579575,
        0.8362972140312195,
        0.7324816733598709,
        0.6552322283387184,
        0.5901526175439358,
        0.5385028719902039,
        0.49102961644530296,
        0.4512806460261345,
        0.41780853644013405,
        0.3930833898484707,
        0.3705688863992691,
        0.3420261237770319,
        0.32972246035933495,
        0.31225964799523354,
        0.29378041066229343,
        0.2786870487034321,
        0.23490006662905216,
        0.22648482769727707,
        0.22092408314347267,
        0.21331932954490185,
        0.21041681431233883,
        0.2055519036948681,
        0.2002421896904707,
        0.1998134721070528,
        0.19670646637678146,
        0.19194645807147026,
        0.18816707283258438,
        0.18608436547219753,
        0.18478616420179605,
        0.1826594267040491,
        0.1826742049306631,
        0.18262533098459244,
        0.18268041871488094,
        0.18400535639375448
    ]
}