{
    "sampled_epochs": [
        5,
        10,
        15,
        20,
        25,
        30,
        35,
        40,
        45,
        50,
        55,
        60,
        65,
        70,
        75,
        80,
        85,
        90,
        95,
        100,
        105,
        110,
        115,
        120,
        125,
        130,
        135,
        140,
        145,
        150,
        155,
        160,
        165,
        170,
        175,
        180,
        185,
        190,
        195,
        200
    ],
    "losses_train": [
        8.030665111541747,
        7.504543100084577,
        5.475043800898961,
        3.858366176060268,
        3.4263541494097027,
        3.2386145387377057,
        3.103098167691912,
        2.984924234662737,
        2.8688956805637904,
        2.7526994705200196,
        2.6364106382642474,
        2.519843510219029,
        2.407613856451852,
        2.2989294256482804,
        2.1929195506232126,
        2.0925961766924175,
        1.9958666801452636,
        1.9042229754584177,
        1.8163223709378924,
        1.7327659436634608,
        1.6532470328467233,
        1.578947411264692,
        1.5084517819540841,
        1.4413307530539377,
        1.3781928947993687,
        1.3193319831575667,
        1.2655189548219954,
        1.215750765800476,
        1.1673090185437884,
        1.124300479888916,
        1.0834301778248379,
        1.0448211908340455,
        1.0073410272598267,
        0.9723256570952279,
        0.9422015632901873,
        0.9088866540363857,
        0.8789719683783395,
        0.8508115461894444,
        0.8239654898643494,
        0.7975235462188721,
        0.772245352608817,
        0.7469278420720782,
        0.7225584677287511,
        0.6997018456459045,
        0.6770924534116473,
        0.6552931462015424,
        0.634047702380589,
        0.6137451759406498,
        0.5938623317650387,
        0.5755922726222447,
        0.5570948226111275,
        0.5395775062697274,
        0.5237311550549099,
        0.5082439601421356,
        0.49321029186248777,
        0.4789782864706857,
        0.46520080396107266,
        0.4520705759525299,
        0.4393404415675572,
        0.4275456164564405,
        0.4155797643320901,
        0.4048119698251997,
        0.3938414880207607,
        0.3838220315320151,
        0.3732740810939244,
        0.36354627438953946,
        0.35548670291900636,
        0.3509873505149569,
        0.3399350711277553,
        0.32893312445708683,
        0.32072645000049044,
        0.3124879283564431,
        0.3043644206864493,
        0.29673526542527334,
        0.28970760660512107,
        0.28243980535439084,
        0.27564365438052585,
        0.2689285899911608,
        0.2621285562004362,
        0.2556315703051431,
        0.24967854619026184,
        0.24366528476987567,
        0.23788637263434273,
        0.2321460689817156,
        0.2270229058606284,
        0.22129442180906023,
        0.2159499534538814,
        0.210760412471635,
        0.2054591076714652,
        0.20068304070404597,
        0.19600289719445366,
        0.19143768889563426,
        0.18715488697801316,
        0.18259651703493937,
        0.17857958227396012,
        0.174518997328622,
        0.17063959389925004,
        0.16672296140875134,
        0.16302798177514757,
        0.1593051844409534,
        0.15551279889685768,
        0.152177594602108,
        0.14870789157492773,
        0.14529783470290047,
        0.14198219180107116,
        0.13889827941145216,
        0.1359296196273395,
        0.13286438009568624,
        0.12971043246132988,
        0.127072739814009,
        0.12528229632547924,
        0.12358979412487575,
        0.12837380234684262,
        0.13138926391090666,
        0.12187918041433607,
        0.11630747020244599,
        0.11216433261122022,
        0.10948307769639151,
        0.10735729549612318,
        0.10495380737951823,
        0.10299517193010875,
        0.10100726144654411,
        0.09906029616083417,
        0.09717100102986609,
        0.09532065796000617,
        0.09367815107107162,
        0.09189568577068193,
        0.09012770493115697,
        0.08834698061857904,
        0.08662407611097608,
        0.08520076892205647,
        0.08358447828463146,
        0.08196898837174688,
        0.08052467799612455,
        0.07894299615706717,
        0.07753204054066114,
        0.07614870901618685,
        0.07480553782411985,
        0.07331623786262104,
        0.07194183490106038,
        0.07072646585958345,
        0.06930581842150008,
        0.06798638296978814,
        0.06688869744539261,
        0.06568747865302223,
        0.06429573159132684,
        0.06320566534996033,
        0.06208207777568272,
        0.060985689290932246,
        0.05987390450068882,
        0.05878138840198517,
        0.05768588887793677,
        0.05672811642289162,
        0.055569982688341825,
        0.05456706956028938,
        0.05354058295488358,
        0.052723037877253125,
        0.05166532120534352,
        0.05080501160451344,
        0.04989326771880899,
        0.04893570105944361,
        0.04815298882978303,
        0.04715361211981092,
        0.04637910308582442,
        0.045606723906738415,
        0.04477370062044689,
        0.04402330794504711,
        0.043244301580957004,
        0.04244942792824336,
        0.04176870313073908,
        0.040915734320878985,
        0.04019402180399213,
        0.03951691756291049,
        0.03884106246488435,
        0.038246562544788636,
        0.037484571444136756,
        0.03684913638447012,
        0.03613358326256275,
        0.03556532535169806,
        0.03494615884763854,
        0.03431345032794135,
        0.03362072104854243,
        0.03297688407557351,
        0.03254526119147028,
        0.031968716691647255,
        0.03318728879094124,
        0.032423371076583864,
        0.031014503964356014,
        0.03026273213326931,
        0.02969929618494851,
        0.029088092488901957,
        0.028566921608788626,
        0.028061108849942683,
        0.027623341764722552,
        0.02704563830047846,
        0.026604536814349038,
        0.026232963002153806,
        0.025773672706314494,
        0.025307342250432286,
        0.024896673964602607
    ],
    "losses_dev": [
        3.356412500143051,
        2.7379976212978363,
        2.187991663813591,
        1.7526895552873611,
        1.4182000160217285,
        1.172719955444336,
        0.9996666610240936,
        0.8712517023086548,
        0.7636136934161186,
        0.6707134619355202,
        0.5993530601263046,
        0.542859647423029,
        0.4971630647778511,
        0.4535913020372391,
        0.4194553978741169,
        0.3870369717478752,
        0.3611551411449909,
        0.33786311000585556,
        0.31812133826315403,
        0.3013745807111263,
        0.28714747354388237,
        0.27429014444351196,
        0.2545278128236532,
        0.24106375500559807,
        0.23361577279865742,
        0.22682240791618824,
        0.22136954963207245,
        0.2155428398400545,
        0.21074251364916563,
        0.2066844580695033,
        0.203587775118649,
        0.20135983545333147,
        0.19903359841555357,
        0.19799306150525808,
        0.19729481264948845,
        0.19505611062049866,
        0.19398100767284632,
        0.18872949574142694,
        0.1871307110413909,
        0.1883999677374959
    ]
}