{
    "sampled_epochs": [
        5,
        10,
        15,
        20,
        25,
        30,
        35
    ],
    "losses_train": [
        2.5600999798093524,
        0.5763603006090436,
        0.24590858093329837,
        0.123565231689385,
        0.06890910512634686,
        0.043008553183504515,
        0.02771476906325136,
        0.019106362866503853,
        0.013413839414715767,
        0.010075711685099771,
        0.008005205568458353,
        0.006090381887874433,
        0.004933240058432732,
        0.004224675448079194,
        0.003533337438212974,
        0.0031667920361672128,
        0.002773651447413223,
        0.0025393998150580696,
        0.002180530603176781,
        0.0019783622452190946,
        0.0018685961873935802,
        0.0016760141788316623,
        0.0015296970993014319,
        0.0013516074744984508,
        0.0012387262308038772,
        0.0011532941267692618,
        0.0010088920576630958,
        0.0009628115288381066,
        0.00096296314981633,
        0.0009988258027338556,
        0.0008444796332956425,
        0.0008099760161712766,
        0.0007601644128694065,
        0.000710036139935255,
        0.0006666128698270768
    ],
    "losses_dev": [
        0.15169673692435026,
        0.11629896005615592,
        0.11986367031931877,
        0.12137842690572143,
        0.12495448160916567,
        0.12544638710096478,
        0.12451562751084566
    ]
}