{
    "sampled_epochs": [
        5,
        10,
        15,
        20,
        25,
        30
    ],
    "losses_train": [
        1.5452699976308004,
        0.4071943570460592,
        0.22044745524014744,
        0.12042450846305915,
        0.07789519551609243,
        0.04794515570891755,
        0.029048080569399254,
        0.017843906694490996,
        0.0132161266802411,
        0.008789798081852495,
        0.006098329242584961,
        0.005170985341205129,
        0.004282542915149991,
        0.003938833096929426,
        0.003434934061286705,
        0.0033265183397036577,
        0.0031990492466970216,
        0.0027331132175666944,
        0.0028403969431695128,
        0.0028156606808936754,
        0.0025608118648441243,
        0.002764747813593463,
        0.0026825584338179657,
        0.0028464169511737835,
        0.0025168036148118388,
        0.0025965268686247455,
        0.0023638218583073465,
        0.002400187776739975,
        0.0023938878626462872,
        0.0024026735958094445
    ],
    "losses_dev": [
        0.27437667176127434,
        0.24100917298346758,
        0.2439604410319589,
        0.23902568191988394,
        0.2434575980878435,
        0.2549427404301241
    ]
}