{
    "sampled_epochs": [
        5,
        10,
        15,
        20,
        25,
        30,
        35,
        40,
        45,
        50,
        55,
        60,
        65,
        70,
        75,
        80,
        85,
        90,
        95,
        100,
        105,
        110,
        115
    ],
    "losses_train": [
        6.354330430712019,
        3.1971601486206054,
        2.629465423311506,
        2.172519622530256,
        1.8000206504549299,
        1.4858348505837577,
        1.2361382348196848,
        1.0618524636541093,
        0.9184462411063058,
        0.8165493471281869,
        0.724028526033674,
        0.6578172104699271,
        0.5903155241693769,
        0.5341105026858194,
        0.48381334372929163,
        0.4390666518892561,
        0.40023536937577386,
        0.3651681295463017,
        0.33664938296590535,
        0.3090339056083134,
        0.28314706214836666,
        0.26082908468587057,
        0.24151339530944824,
        0.223118200472423,
        0.20656935913222177,
        0.19138531812599727,
        0.17662372631686074,
        0.16420675005231586,
        0.1524098400558744,
        0.14187756904533932,
        0.13128326450075423,
        0.12208032139710018,
        0.11369850380080086,
        0.10603042266198567,
        0.09883903488516807,
        0.09242807360632078,
        0.0864939489534923,
        0.08117782367127283,
        0.07630877473524639,
        0.07176430981074061,
        0.06737145483493805,
        0.06365421691111156,
        0.060133634507656096,
        0.05704008936882019,
        0.05401704045278685,
        0.0512279813843114,
        0.048436374004398076,
        0.04609205233199256,
        0.04390943422913551,
        0.04178635137421744,
        0.03973815020705972,
        0.03801689999444144,
        0.03639279465590205,
        0.03471059836447239,
        0.033167048650128504,
        0.031831239483186176,
        0.03036626987159252,
        0.0291386746934482,
        0.027826321231467385,
        0.026659448311797212,
        0.02563464998134545,
        0.024563008653266088,
        0.023690034289445196,
        0.02267587882067476,
        0.021872639523020813,
        0.021002550689237457,
        0.02017906089978559,
        0.019485654761748655,
        0.018781347812286447,
        0.018068268549229417,
        0.017439344711601735,
        0.016835652052291802,
        0.016225309403879302,
        0.015718717952924115,
        0.01512110156140157,
        0.014645037587199893,
        0.014180959335395269,
        0.013747899287513325,
        0.013838801958731243,
        0.09117067304572889,
        0.0451192885105099,
        0.029747716443879264,
        0.01973525019628661,
        0.016704711105142322,
        0.015085816303534167,
        0.013951900095811912,
        0.013125488055603846,
        0.012512311725211995,
        0.011988495955509798,
        0.011528073504034961,
        0.011054892691650562,
        0.010777241869696549,
        0.01039033198196973,
        0.010039938174720322,
        0.009729544658746038,
        0.009395194878535611,
        0.009172564239374228,
        0.008945326972752809,
        0.008707645083112376,
        0.008455758595040866,
        0.008272691922528403,
        0.008087635106806244,
        0.007887953107378312,
        0.007718635071069002,
        0.007546477073005268,
        0.007363081590405532,
        0.007173032034188509,
        0.007055831155074494,
        0.00685118291793125,
        0.006748411684696164,
        0.006561676905091319,
        0.006480098236352205,
        0.006351372592949441,
        0.006196992372029594,
        0.0060877830987530095
    ],
    "losses_dev": [
        1.6678806096315384,
        0.8567585796117783,
        0.5663367547094822,
        0.41846852749586105,
        0.33972855284810066,
        0.27433409355580807,
        0.2395670097321272,
        0.23229328822344542,
        0.21199225261807442,
        0.2078587505966425,
        0.20436253864318132,
        0.19337944500148296,
        0.19489680975675583,
        0.1912075816653669,
        0.19258591998368502,
        0.2103586313314736,
        0.18184004770591855,
        0.18131300620734692,
        0.18175567965954542,
        0.18252884875983,
        0.1833135150372982,
        0.18426296673715115,
        0.1841984367929399
    ]
}